year,iso,mv,close,weight,weight_float
2003,ARE,30796,0.721708253,9.85E-04,3.60E-04
2004,ARE,78646,0.710197819,0.002118926,8.10E-04
2005,ARE,194278,0.713665815,0.004616057,0.00177405
2006,ARE,124386,0.723382421,0.002399598,8.99E-04
2007,ARE,207979,0.554397631,0.003321503,0.002115784
2008,ARE,107354.25,0.471858268,0.003240184,0.002407699
2009,ARE,138243.96,0.497771587,0.002890028,0.00210428
2010,ARE,131490.76,0.467073545,0.002388845,0.001852984
2011,ARE,93726.65,0.552938403,0.001958336,0.001216278
2012,ARE,101327.92,0.412002521,0.001837905,0.001461241
2013,ARE,180324.8,0.326820559,0.002790391,0.002474742
2014,ARE,201598.93,0.358777265,0.002984804,0.002518383
2015,ARE,195874.11,0.22297423,0.002944997,0.00303082
2016,ARE,213212.7638,0.17227897,0.003087163,0.003369835
2017,ARE,232103.89,0.28226766,0.002752438,0.002619752
2018,ARE,231377.4949,0.560263742,0.003154293,0.001820246
2019,ARE,246818.78,0.554128117,0.002831609,0.001694512
2020,ARE,294831.94,0.645734904,0.002893311,0.00138618
2021,ARE,494331,0.641856547,0.005121788,0.002314134
1999,ARG,55847.58,0.868084221,0.001627659,2.90E-04
2000,ARG,45839.34,0.93871021,0.001470011,1.15E-04
2001,ARG,33384,0.572357132,0.00123475,6.75E-04
2002,ARG,16571,0.619257837,7.25E-04,3.57E-04
2003,ARG,34994.62,0.65942888,0.001118979,5.01E-04
2004,ARG,40593.87,0.971352467,0.001093703,4.13E-05
2005,ARG,47590.3,0.718362929,0.001130748,4.27E-04
2006,ARG,51240.13,0.626569549,9.89E-04,5.00E-04
2007,ARG,57070.16,0.770248571,9.11E-04,2.99E-04
2008,ARG,39850.36,0.780112627,0.00120277,3.72E-04
2009,ARG,45744.93,0.747693074,9.56E-04,3.50E-04
2010,ARG,63909.79,0.714487076,0.001161075,4.83E-04
2011,ARG,43579.79,0.607416844,9.11E-04,4.97E-04
2012,ARG,34254.75,0.556878497,6.21E-04,3.72E-04
2013,ARG,53104.79,0.617489221,8.22E-04,4.14E-04
2014,ARG,60142.04,0.527448974,8.90E-04,5.54E-04
2015,ARG,56134.63,0.480491259,8.44E-04,5.81E-04
2016,ARG,63601.11614,0.344824706,9.21E-04,7.96E-04
2017,ARG,108740.05,0.367245039,0.00128951,0.001082032
2018,ARG,45986.05,0.42104233,6.27E-04,4.76E-04
2019,ARG,39393.54,0.429096501,4.52E-04,3.46E-04
2020,ARG,26219,0.457592231,2.57E-04,1.89E-04
2021,ARG,36716,0.472906295,3.80E-04,2.53E-04
1999,AUS,427835.36,0.247649727,0.012469118,0.012668466
2000,AUS,372794.35,0.19261616,0.011955053,0.012367877
2001,AUS,375130.79,0.220678552,0.013874696,0.01381257
2002,AUS,380087,0.261220815,0.016635383,0.015903349
2003,AUS,585529.69,0.306179329,0.018722747,0.017081182
2004,AUS,776402.76,0.334633279,0.020918292,0.018358105
2005,AUS,804014.82,0.323209181,0.01910344,0.017353519
2006,AUS,1095857.96,0.313065973,0.021140792,0.019662852
2007,AUS,1298315.04,0.304745674,0.020734579,0.020607632
2008,AUS,683871.56,0.283677896,0.020640723,0.020802494
2009,AUS,1261909.34,0.344399335,0.026380559,0.025074001
2010,AUS,1454490.57,0.393501968,0.026424311,0.023326493
2011,AUS,1198187.41,0.288502452,0.02503507,0.02474575
2012,AUS,1386873.96,0.101065323,0.02515538,0.030576119
2013,AUS,1365958.13,0.106208209,0.02113718,0.024889569
2014,AUS,1288708.34,0.102538968,0.019080171,0.02253175
2015,AUS,1187083.45,0.120155621,0.01784798,0.020798635
2016,AUS,1268493.507,0.13125333,0.018366849,0.021042282
2017,AUS,1508462.8,0.154597318,0.017888328,0.020054572
2018,AUS,1262800.27,0.161799818,0.017215339,0.018936472
2019,AUS,1487598.5,0.143641558,0.017066358,0.019615424
2020,AUS,1720556.18,0.177783027,0.016884549,0.018774662
2021,AUS,1596906,0.167746243,0.016545622,0.017371956
1999,AUT,33022.95,0.5612456,9.62E-04,5.70E-04
2000,AUT,29935.22,0.56584519,9.60E-04,5.34E-04
2001,AUT,25204.35,0.542370129,9.32E-04,5.45E-04
2002,AUT,33578.13,0.591386876,0.001469624,7.77E-04
2003,AUT,56522.45,0.579686902,0.001807347,9.99E-04
2004,AUT,87776.27,0.528434429,0.002364919,0.001470953
2005,AUT,132863,0.560510035,0.003156833,0.001862182
2006,AUT,192770.31,0.521027613,0.003718837,0.002411725
2007,AUT,236448.39,0.555233688,0.00377617,0.002400892
2008,AUT,76290,0.568069129,0.002302597,0.001399311
2009,AUT,117378,0.527707344,0.002453819,0.001680173
2010,AUT,126031.96,0.517617667,0.002289673,0.001607612
2011,AUT,85269.52,0.500354994,0.001781631,0.001236681
2012,AUT,106036.78,0.506051768,0.001923315,0.001284562
2013,AUT,117671.41,0.52578826,0.001820877,0.001137593
2014,AUT,96790.33,0.51492936,0.001433044,9.15E-04
2015,AUT,96079.38,0.489291041,0.001444568,9.77E-04
2016,AUT,120976.7299,0.488351876,0.001751654,0.001181911
2017,AUT,150645.99,0.436113688,0.001786458,0.00133587
2018,AUT,116802,0.497126961,0.001592323,0.001050813
2019,AUT,133098.22,0.492639964,0.001526959,0.001039788
2020,AUT,132083.25,0.513708102,0.001296189,8.52E-04
2021,AUT,155305,0.51741292,0.001609123,9.80E-04
1999,BEL,184135.51,0.481377414,0.005366568,0.003758515
2000,BEL,182480.52,0.483056738,0.005851924,0.003876191
2001,BEL,165843,0.426165585,0.006133917,0.004496337
2002,BEL,127556.56,0.435736898,0.005582807,0.004076387
2003,BEL,173552.62,0.437288617,0.005549474,0.004106186
2004,BEL,273247.42,0.451525045,0.00736199,0.005325895
2005,BEL,288481.06,0.448503467,0.006854327,0.005073751
2006,BEL,396167.93,0.448748854,0.007642691,0.005704348
2007,BEL,385552.94,0.416575855,0.006157425,0.005135381
2008,BEL,167218.34,0.48407179,0.005047011,0.00366358
2009,BEL,259768.58,0.470164218,0.005430533,0.004171421
2010,BEL,268726.29,0.465816053,0.004882058,0.00379586
2011,BEL,229320.85,0.528725476,0.004791457,0.003137039
2012,BEL,299517.14,0.456532411,0.005432698,0.003992202
2013,BEL,374325.59,0.410552334,0.005792408,0.004498196
2014,BEL,378525.79,0.405981505,0.005604322,0.004380464
2015,BEL,414556.38,0.458047317,0.006232918,0.004473966
2016,BEL,378144.2833,0.444375895,0.00547525,0.0040119
2017,BEL,437793.5223,0.408642442,0.005191639,0.004071315
2018,BEL,321093.543,0.471267421,0.004377362,0.003037276
2019,BEL,375250,0.453645135,0.004305026,0.003156835
2020,BEL,372634,0.434163583,0.003656816,0.002798274
2021,BEL,405426,0.429957241,0.004200639,0.003020874
1999,BRA,215665,0.716265371,0.006285484,0.002408348
2000,BRA,226152.31,0.639076309,0.007252424,0.003353993
2001,BRA,186237.61,0.635159709,0.006888238,0.003210298
2002,BRA,126761.53,0.688380111,0.00554801,0.002237194
2003,BRA,234560.04,0.610670231,0.007500232,0.003839666
2004,BRA,330346.58,0.717018858,0.008900388,0.003322056
2005,BRA,474646.88,0.655460146,0.011277638,0.005215298
2006,BRA,710247.45,0.634962942,0.01370177,0.006772108
2007,BRA,1369711.27,0.49197907,0.021874804,0.015886014
2008,BRA,591965.55,0.648424489,0.017866801,0.008837869
2009,BRA,1337247.68,0.58186741,0.027955528,0.016946576
2010,BRA,1545565.66,0.573538611,0.028078909,0.017429155
2011,BRA,1228936.23,0.475195968,0.025677539,0.018720997
2012,BRA,1227447.02,0.442631154,0.022263664,0.016778869
2013,BRA,1020455.33,0.539315129,0.015790782,0.009583885
2014,BRA,843894.2,0.528379428,0.012494406,0.007753636
2015,BRA,490534.11,0.520742178,0.007375255,0.004681512
2016,BRA,758558.918,0.517092227,0.010983373,0.006994633
2017,BRA,954715.1,0.511532598,0.011321629,0.007333724
2018,BRA,916824.39,0.520593557,0.012498764,0.007863333
2019,BRA,1187361.69,0.492241165,0.013621914,0.009283183
2020,BRA,988374.32,0.49918509,0.009699337,0.006569246
2021,BRA,627717,0.509848223,0.006503807,0.004021685
1999,CAN,1448278.09,0.326478817,0.04220958,0.038391095
2000,CAN,770841.54,0.221445836,0.024719933,0.024660378
2001,CAN,615265.93,0.148184225,0.022756404,0.024761885
2002,CAN,888677.7,0.237628574,0.038895026,0.038370885
2003,CAN,910230.61,0.177303894,0.0291053,0.031485648
2004,CAN,1177517.94,0.172028245,0.031725369,0.03464677
2005,CAN,1482184.56,0.194628413,0.035216793,0.038068664
2006,CAN,1700708.09,0.19472052,0.032809284,0.035772857
2007,CAN,2186550.15,0.172473531,0.034920028,0.04130909
2008,CAN,1033651.81,0.148626601,0.031197848,0.037370323
2009,CAN,1677431.72,0.119705545,0.035067168,0.044753696
2010,CAN,2171194.84,0.13355466,0.039444964,0.049744964
2011,CAN,1912871.97,0.121606657,0.039967774,0.048772767
2012,CAN,2059973.58,0.126914105,0.037364187,0.044109877
2013,CAN,2113821.77,0.12676437,0.03270981,0.037630799
2014,CAN,2095420.68,0.12458843,0.031024075,0.035736185
2015,CAN,1593399.3,0.126142741,0.023957,0.027727636
2016,CAN,1993522.736,0.103281866,0.028864737,0.034134111
2017,CAN,2367059.92,0.090539619,0.028070128,0.033853862
2018,CAN,1937902.71,0.100796477,0.026418788,0.031175012
2019,CAN,2409098.54,0.096317273,0.027638195,0.033521769
2020,CAN,2641454.67,0.099011281,0.025921717,0.031584888
2021,CAN,2710806,0.096579558,0.028086796,0.0320112
1999,CHE,689615,0.248425881,0.020098598,0.020398855
2000,CHE,792315.95,0.254989914,0.025408591,0.024255282
2001,CHE,603800,0.282069385,0.022332322,0.02048098
2002,CHE,612667.14,0.187924015,0.026814789,0.028178131
2003,CHE,727102.78,0.214306503,0.023249652,0.024019874
2004,CHE,829098.07,0.224722046,0.022338039,0.022842469
2005,CHE,938697.66,0.208861646,0.022303512,0.023683573
2006,CHE,1212534.3,0.1582533,0.023391658,0.026659541
2007,CHE,1274656.7,0.152624393,0.020356747,0.024658888
2008,CHE,880334.43,0.146407196,0.026570398,0.031910304
2009,CHE,1064686.54,0.15377654,0.022257563,0.027306304
2010,CHE,1229356.54,0.164492317,0.022334212,0.027160481
2011,CHE,1089519.37,0.162308103,0.022764547,0.026492426
2012,CHE,1233438.94,0.131127647,0.022372347,0.026283964
2013,CHE,1540699.83,0.165667682,0.023841177,0.026205999
2014,CHE,1495314.2,0.18190628,0.022139106,0.023831984
2015,CHE,1519323.46,0.122466326,0.022843258,0.026549831
2016,CHE,1403355.611,0.126126206,0.020319553,0.023416819
2017,CHE,1686497.07,0.133213264,0.019999573,0.022988627
2018,CHE,1441160.47,0.129828082,0.019646865,0.022435413
2019,CHE,1834453.26,0.129056471,0.021045622,0.024601015
2020,CHE,2001602.87,0.133085281,0.019642579,0.02302879
2021,CHE,2320228,0.124522815,0.024039998,0.026551502
1999,CHL,68227.52,0.690893024,0.001988468,8.30E-04
2000,CHL,60400.77,0.651638152,0.001936978,8.65E-04
2001,CHL,56309.72,0.676782789,0.002082688,8.60E-04
2002,CHL,49827,0.659554523,0.002180793,9.61E-04
2003,CHL,86525.91,0.618651338,0.00276673,0.001387363
2004,CHL,116924.27,0.62370399,0.003150241,0.001563558
2005,CHL,136493.35,0.615492843,0.00324309,0.001673728
2006,CHL,174418.78,0.623166083,0.003364808,0.001716803
2007,CHL,212910.23,0.590963827,0.003400256,0.001988211
2008,CHL,131807.96,0.655337849,0.003978249,0.001929158
2009,CHL,230732.39,0.639832934,0.004823524,0.002518655
2010,CHL,341798.88,0.633074634,0.006209597,0.003316328
2011,CHL,270289.08,0.719794437,0.005647452,0.002198405
2012,CHL,313325.27,0.716405615,0.005683152,0.002179266
2013,CHL,265150.08,0.728277737,0.004102999,0.001468793
2014,CHL,233245.47,0.712997089,0.003453352,0.00130414
2015,CHL,190352,0.72273022,0.002861971,0.001051012
2016,CHL,212479.7938,0.661355191,0.003076551,0.001373958
2017,CHL,294675.74,0.664531737,0.003494456,0.001554573
2018,CHL,250739.56,0.695320989,0.00341825,0.001366728
2019,CHL,203791.65,0.683048077,0.002337984,9.95E-04
2020,CHL,184549.42,0.697796467,0.001811062,7.40E-04
2021,CHL,125746,0.704516011,0.001302861,4.86E-04
1999,CHN,5336,0.58428871,1.56E-04,8.73E-05
2000,CHN,13347,0.655325433,4.28E-04,1.89E-04
2001,CHN,17952,0.657732382,6.64E-04,2.90E-04
2002,CHN,19681,0.680452705,8.61E-04,3.56E-04
2003,CHN,512978.77,0.695702165,0.016402877,0.006563266
2004,CHN,447720.26,0.689131479,0.012062738,0.004946103
2005,CHN,401852.25,0.699774211,0.009548033,0.003847543
2006,CHN,1145454.87,0.629481788,0.022097593,0.011085742
2007,CHN,4478866.53,0.556933888,0.071529182,0.045304459
2008,CHN,1778784.04,0.636397543,0.053687551,0.027465186
2009,CHN,3573152.46,0.629293551,0.074697727,0.040145584
2010,CHN,4027840.3,0.599519997,0.073175384,0.042654242
2011,CHN,3412108.29,0.569843883,0.071292995,0.042604097
2012,CHN,3697376.04,0.548119411,0.0670637,0.04097647
2013,CHN,3949143.49,0.540247913,0.061110039,0.03701436
2014,CHN,6004947.67,0.487669028,0.088907182,0.059935553
2015,CHN,8188019.32,0.489430855,0.123108111,0.083249408
2016,CHN,7320738.38,0.490777228,0.105998886,0.07118265
2017,CHN,8711267.22,0.496046815,0.103303842,0.069037763
2018,CHN,6324879.76,0.470386944,0.086224997,0.059927701
2019,CHN,8515504.38,0.449226056,0.097693459,0.072217116
2020,CHN,12214465.6,0.447235663,0.11986574,0.089604808
2021,CHN,1397104,0.518533657,0.014475464,0.008792417
1999,COL,6522,0.2083,1.90E-04,2.03E-04
2000,COL,4244,0.668120519,1.36E-04,5.79E-05
2001,COL,5621,0.5682501,2.08E-04,1.15E-04
2002,COL,5485,0.524548736,2.40E-04,1.48E-04
2003,COL,8202,0.502319584,2.62E-04,1.72E-04
2004,COL,15584,0.470568329,4.20E-04,2.93E-04
2005,COL,50500.81,0.580943253,0.001199902,6.75E-04
2006,COL,56204.32,0.579661485,0.001084268,6.17E-04
2007,COL,101955.95,0.745610588,0.001628275,5.92E-04
2008,COL,87716.2,0.753950529,0.002647465,9.17E-04
2009,COL,140519.92,0.720407726,0.002937607,0.001190746
2010,COL,208501.74,0.759184449,0.003787934,0.00132771
2011,COL,201295.53,0.734819698,0.004205893,0.001549451
2012,COL,262101.26,0.780867049,0.004754042,0.001408621
2013,COL,207559,0.741479863,0.00321182,0.001093905
2014,COL,146933,0.705866425,0.002175439,8.42E-04
2015,COL,85955.45,0.735786959,0.001292353,4.52E-04
2016,COL,103818.6186,0.740676654,0.001503217,5.14E-04
2017,COL,121477.23,0.767443377,0.001440556,4.44E-04
2018,COL,103848.38,0.773074748,0.001415731,4.22E-04
2019,COL,132040.28,0.788178729,0.001514822,4.31E-04
2020,COL,106315.2,0.78282478,0.001043316,3.06E-04
2021,COL,89104,0.796046592,9.23E-04,2.38E-04
1999,CZE,12983,0.761157927,3.78E-04,1.22E-04
2000,CZE,12008,0.814815551,3.85E-04,9.14E-05
2001,CZE,10571,0.788527602,3.91E-04,1.06E-04
2002,CZE,12162,0.743038583,5.32E-04,1.77E-04
2003,CZE,16798,0.686178225,5.37E-04,2.22E-04
2004,CZE,30173,0.693092815,8.13E-04,3.29E-04
2005,CZE,37860,0.686330404,9.00E-04,3.79E-04
2006,CZE,50306,0.679779411,9.70E-04,4.21E-04
2007,CZE,76871,0.693902886,0.001227659,5.37E-04
2008,CZE,43500,0.690186265,0.001312924,5.72E-04
2009,CZE,46299,0.652410243,9.68E-04,4.88E-04
2010,CZE,44456,0.675550108,8.08E-04,3.81E-04
2011,CZE,39190,0.685859575,8.19E-04,3.57E-04
2012,CZE,38162,0.67763432,6.92E-04,3.02E-04
2013,CZE,31509,0.71993471,0.000487578,1.80E-04
2014,CZE,28557,0.707359519,4.23E-04,1.63E-04
2015,CZE,26132,0.690147454,3.93E-04,1.61E-04
2016,CZE,24267,0.64600211,3.51E-04,1.64E-04
2017,CZE,33784,0.679931408,4.01E-04,1.70E-04
2018,CZE,27577,0.644582426,3.76E-04,1.75E-04
2019,CZE,27372,0.639593087,3.14E-04,1.52E-04
2020,CZE,26613.6,0.660535662,2.61E-04,1.20E-04
2021,CZE,37288,0.640117876,3.86E-04,1.75E-04
1999,DEU,1432166.98,0.439424795,0.041740027,0.031597653
2000,DEU,1270243.17,0.395061719,0.040735125,0.031575026
2001,DEU,1071748.73,0.462227504,0.03964001,0.027231196
2002,DEU,686013.54,0.490054851,0.030024963,0.019812856
2003,DEU,1079026.24,0.413162627,0.034502666,0.026623891
2004,DEU,1194516.79,0.430118307,0.032183361,0.024191158
2005,DEU,1218588,0.425919266,0.028953723,0.022309966
2006,DEU,1637609.77,0.374253838,0.03159202,0.026766145
2007,DEU,2105197.82,0.370707838,0.0336208,0.030244717
2008,DEU,1110579.63,0.427181336,0.033519696,0.027014652
2009,DEU,1292355.31,0.350115544,0.02701704,0.025455063
2010,DEU,1429719.05,0.354933861,0.025974277,0.024387321
2011,DEU,1184500.16,0.312349112,0.024749087,0.023643164
2012,DEU,1486314.81,0.304618597,0.026959057,0.025348432
2013,DEU,1936106.26,0.327930002,0.029959795,0.02652695
2014,DEU,1738539.06,0.239738927,0.025740209,0.025749683
2015,DEU,1724485,0.224570026,0.025927893,0.026628686
2016,DEU,1737994,0.237065976,0.02516487,0.025319009
2017,DEU,2285655,0.242638143,0.027104776,0.02722258
2018,DEU,1791635,0.276558739,0.024424768,0.02318833
2019,DEU,2128388,0.280897802,0.024417765,0.023566647
2020,DEU,2338989,0.266941523,0.022953493,0.022755356
2021,DEU,2555515,0.298937685,0.026477818,0.023417939
1999,DNK,97452.59,0.347017813,0.002840223,0.002504506
2000,DNK,111818.64,0.348067955,0.003585885,0.002995452
2001,DNK,85145.5,0.345222031,0.003149216,0.002634092
2002,DNK,76749.87,0.400100744,0.003359135,0.002607636
2003,DNK,121640.96,0.433293879,0.00388956,0.002898408
2004,DNK,151349.87,0.389497571,0.004077756,0.003283592
2005,DNK,162749,0.36416634,0.003866926,0.003300129
2006,DNK,201010,0.406585875,0.003877793,0.003115679
2007,DNK,230967,0.375477836,0.00368863,0.003293078
2008,DNK,115306,0.356542695,0.003480185,0.003150679
2009,DNK,162248,0.3338044,0.003391839,0.00327595
2010,DNK,205653,0.345504328,0.00373618,0.003559188
2011,DNK,172797,0.317740056,0.003610441,0.003422067
2012,DNK,217598,0.187590627,0.003946833,0.004335578
2013,DNK,287447,0.287869949,0.004448027,0.004173119
2014,DNK,300515,0.19390068,0.004449321,0.00471932
2015,DNK,345675,0.255576812,0.005197276,0.005124312
2016,DNK,319334,0.293291905,0.004623721,0.0043092
2017,DNK,414473,0.281402248,0.004915089,0.004683789
2018,DNK,341032,0.299137828,0.004649177,0.004276066
2019,DNK,430453,0.289002782,0.004938338,0.004712485
2020,DNK,599234,0.266876739,0.005880538,0.005830292
2021,DNK,688045,0.289543001,0.007128868,0.00638952
1999,EGY,14630,0.480772066,4.26E-04,2.99E-04
2000,EGY,8846,0.585309228,2.84E-04,1.51E-04
2001,EGY,5806,0.469111652,2.15E-04,1.46E-04
2002,EGY,5859,0.471018668,2.56E-04,1.76E-04
2003,EGY,8120,0.585192897,2.60E-04,1.42E-04
2004,EGY,18678,0.614507915,5.03E-04,2.56E-04
2005,EGY,54447,0.694666093,0.001293664,5.30E-04
2006,EGY,93496.4,0.715728914,0.00180369,6.94E-04
2007,EGY,139273.79,0.755537222,0.002224255,7.77E-04
2008,EGY,85978.07,0.678613878,0.002595004,0.001173403
2009,EGY,91207.34,0.723926024,0.001906714,7.63E-04
2010,EGY,84276.83,0.746731641,0.001531091,5.64E-04
2011,EGY,48849.67,0.753446759,0.001020671,3.50E-04
2012,EGY,59181.97,0.739735057,0.001073454,3.78E-04
2013,EGY,61629.65,0.69956649,9.54E-04,3.77E-04
2014,EGY,70083.65,0.654986836,0.001037634,4.71E-04
2015,EGY,55191.87,0.616503785,8.30E-04,4.21E-04
2016,EGY,33323.01078,0.586975127,4.82E-04,2.63E-04
2017,EGY,46546.1,0.58375482,5.52E-04,3.05E-04
2018,EGY,42988,0.615421205,5.86E-04,2.96E-04
2019,EGY,44199.85,0.57680095,5.07E-04,2.88E-04
2020,EGY,41351.18,0.601356689,4.06E-04,2.19E-04
2021,EGY,38298,0.622439651,3.97E-04,1.89E-04
1999,ESP,430900.07,0.334819465,0.012558438,0.01128089
2000,ESP,504219.32,0.378652397,0.016169689,0.012873596
2001,ESP,468203.19,0.376749487,0.017317099,0.013787076
2002,ESP,461559.38,0.424391271,0.020201209,0.01504686
2003,ESP,726243.37,0.49888155,0.023222171,0.015301864
2004,ESP,940672.88,0.347515726,0.025344152,0.021811642
2005,ESP,959910.39,0.371198421,0.022807528,0.01924923
2006,ESP,1322915.3,0.325632291,0.025521078,0.023302688
2007,ESP,1799833.98,0.37034885,0.028744025,0.025872401
2008,ESP,948352.29,0.345995456,0.028623324,0.026338011
2009,ESP,1434540.47,0.325043951,0.02998946,0.029345694
2010,ESP,1171624.98,0.346430478,0.021285379,0.020248347
2011,ESP,1030987.55,0.357078883,0.021541576,0.019240376
2012,ESP,995088.45,0.339677786,0.018049101,0.016115167
2013,ESP,1116561.03,0.26274719,0.017277946,0.016781954
2014,ESP,992913.61,0.297381942,0.014700736,0.013591126
2015,ESP,787192.29,0.322255414,0.011835555,0.01062416
2016,ESP,704551.3266,0.321928572,0.010201383,0.009122199
2017,ESP,888837.58,0.304992851,0.010540411,0.009714643
2018,ESP,723690.97,0.321661502,0.00986584,0.008782462
2019,ESP,797285.84,0.333019851,0.0091468,0.008188104
2020,ESP,759174.66,0.3411125,0.007450103,0.006638498
2021,ESP,727040,0.34896176,0.007532898,0.006186976
1999,FIN,326842,0.161079352,0.009525701,0.010791605
2000,FIN,280247,0.086512031,0.008987174,0.010519366
2001,FIN,183136,0.101480871,0.006773521,0.007774567
2002,FIN,132829,0.143398827,0.005813567,0.006444103
2003,FIN,161377,0.152378742,0.005160149,0.00575129
2004,FIN,173670,0.178218001,0.004679117,0.005071788
2005,FIN,198492,0.176132137,0.004716182,0.005215184
2006,FIN,251851,0.1871013,0.004858595,0.00534758
2007,FIN,341220,0.168284332,0.005449412,0.006479085
2008,FIN,147816,0.191692017,0.004461407,0.005073771
2009,FIN,179998,0.243886907,0.003762907,0.004124873
2010,FIN,201062,0.250077253,0.003652774,0.003987087
2011,FIN,134591,0.285561738,0.00281216,0.00279115
2012,FIN,150906,0.267675989,0.002737161,0.00271036
2013,FIN,202462,0.23493075,0.003132948,0.003157824
2014,FIN,185238,0.218443518,0.00274257,0.002820429
2015,FIN,186329,0.235041673,0.002801485,0.00283835
2016,FIN,199937,0.239036597,0.00289494,0.002905149
2017,FIN,242308,0.252481867,0.002873445,0.002848424
2018,FIN,222839,0.264759091,0.003037891,0.002931147
2019,FIN,275349,0.278339762,0.00315892,0.003059656
2020,FIN,336652,0.267371652,0.003303709,0.003273269
2021,FIN,365686,0.237422076,0.003788891,0.003645072
1999,FRA,1502951.79,0.386952356,0.043803026,0.036263236
2000,FRA,1446634.12,0.398200202,0.046391764,0.035773095
2001,FRA,1174663,0.373782707,0.043446427,0.034754697
2002,FRA,967015.06,0.376540494,0.042323641,0.034145417
2003,FRA,1355925.34,0.359455077,0.04335672,0.036518012
2004,FRA,1559109.68,0.358072979,0.042006434,0.035566573
2005,FRA,1758513.21,0.378792057,0.041782378,0.034837877
2006,FRA,2428251.77,0.375742643,0.046844725,0.039594476
2007,FRA,2740341.21,0.373133139,0.043764279,0.039217892
2008,FRA,1472406.87,0.345539398,0.044440425,0.040920775
2009,FRA,1946185.14,0.352553262,0.040685531,0.038189528
2010,FRA,1911515.39,0.355251621,0.034727264,0.032589463
2011,FRA,1553956.95,0.347860134,0.032468561,0.029415903
2012,FRA,1808188.71,0.332965545,0.032797266,0.029580755
2013,FRA,2301085.21,0.330955884,0.035607571,0.031385647
2014,FRA,2085895.8,0.334962494,0.030883053,0.027024858
2015,FRA,2088317.31,0.341958326,0.031398167,0.027365136
2016,FRA,2159046.595,0.340983765,0.0312614,0.027168745
2017,FRA,2749314.584,0.342782203,0.032603151,0.028415083
2018,FRA,2365950.237,0.363832916,0.032254218,0.026927341
2019,FRA,2749204,0.357086819,0.031540028,0.02721546
2020,FRA,2932621,0.367950811,0.028779056,0.024599351
2021,FRA,3448649,0.381566018,0.035731624,0.027877636
1999,GBR,2954815.47,0.112455264,0.086117107,0.103216207
2000,GBR,2576991.34,0.094266584,0.08264092,0.095908948
2001,GBR,2157320,0.097719431,0.079791264,0.091966854
2002,GBR,1856194.4,0.115731258,0.081240623,0.092960545
2003,GBR,2425822,0.123504024,0.077567461,0.08939858
2004,GBR,2815928.03,0.120102481,0.07586836,0.088050807
2005,GBR,3058182.42,0.116933135,0.072662595,0.086124363
2006,GBR,3781358.5,0.102542983,0.072948243,0.088641832
2007,GBR,3846461.88,0.111129349,0.061429442,0.078055641
2008,GBR,1868152.97,0.095252318,0.056384899,0.071774871
2009,GBR,2796444.32,0.117389955,0.058460432,0.074805087
2010,GBR,3029102,0.123937884,0.055030907,0.070171046
2011,GBR,2932240.87,0.115405969,0.061266588,0.075291526
2012,GBR,3291640.12,0.104597619,0.059704385,0.072284939
2013,GBR,3946884.73,0.107322713,0.061075087,0.071827798
2014,GBR,3570893.5,0.119378404,0.052869416,0.061261963
2015,GBR,3246356,0.134615535,0.048809454,0.055943929
2016,GBR,2961436,0.124197085,0.042879406,0.04952451
2017,GBR,3594239,0.119480418,0.042622811,0.049769257
2018,GBR,2915681,0.12498,0.039748516,0.045643049
2019,GBR,3345478,0.110506527,0.038380735,0.045820236
2020,GBR,3211492,0.127829739,0.031515735,0.037172772
2021,GBR,3539190,0.116880959,0.036669724,0.040854202
1999,GRC,109554,0.392232394,0.003192915,0.002620554
2000,GRC,71622,0.527631749,0.002296829,0.001390186
2001,GRC,84752.03,0.516947876,0.003134663,0.00193428
2002,GRC,67061.46,0.566025431,0.002935099,0.001648269
2003,GRC,106643.67,0.497287388,0.003410011,0.002254118
2004,GRC,125241.63,0.421612781,0.003374332,0.002574229
2005,GRC,145120.74,0.476719453,0.003448077,0.002421771
2006,GRC,200696.04,0.523066916,0.003871736,0.002500193
2007,GRC,264960.82,0.531592523,0.004231524,0.002833412
2008,GRC,90200,0.517299863,0.002722431,0.001848913
2009,GRC,112632.4,0.506003451,0.002354611,0.001686333
2010,GRC,67586.42,0.545770905,0.00122787,8.12E-04
2011,GRC,33778.89,0.561901817,7.06E-04,4.30E-04
2012,GRC,44876.55,0.55480068,8.14E-04,4.90E-04
2013,GRC,82594.24,0.691925185,0.001278084,5.19E-04
2014,GRC,55154.27,0.57856131,8.17E-04,4.53E-04
2015,GRC,42079.58,0.45130926,6.33E-04,4.60E-04
2016,GRC,37163.04898,0.483833629,5.38E-04,3.66E-04
2017,GRC,50605.06,0.489536344,6.00E-04,4.06E-04
2018,GRC,38370.85,0.537161506,5.23E-04,3.18E-04
2019,GRC,53653.98,0.513754497,6.16E-04,4.02E-04
2020,GRC,50986.89,0.539666855,5.00E-04,3.11E-04
2021,GRC,56384,0.511749838,5.84E-04,3.60E-04
1999,HKG,608159.39,0.451822767,0.017724602,0.013120962
2000,HKG,623397.74,0.469999934,0.019991593,0.013576472
2001,HKG,506072.92,0.455286158,0.01871776,0.013024368
2002,HKG,463054.92,0.449934249,0.020266665,0.014425738
2003,HKG,714597.3,0.438289222,0.02284978,0.016877025
2004,HKG,861462.92,0.46342594,0.023210032,0.016426535
2005,HKG,1054999.32,0.450218109,0.025066846,0.018497441
2006,HKG,1714953.25,0.502837342,0.033084096,0.022270399
2007,HKG,2654416.06,0.538391048,0.042392022,0.027973545
2008,HKG,1328768.47,0.544465413,0.040105108,0.025704146
2009,HKG,2305142.81,0.535974994,0.048189639,0.032418679
2010,HKG,2711316.16,0.544420915,0.049257564,0.032662776
2011,HKG,2258035.2,0.537391424,0.047179655,0.030321232
2012,HKG,2831945.86,0.539922466,0.051366365,0.031954587
2013,HKG,3100777.15,0.532855147,0.047982205,0.029530156
2014,HKG,3233030.59,0.579325735,0.047867135,0.026496007
2015,HKG,3184874.22,0.571358988,0.047885067,0.027185275
2016,HKG,3193235.543,0.565432566,0.046235693,0.026497175
2017,HKG,4350514.61,0.551584133,0.051591217,0.030678688
2018,HKG,3819215.4,0.554722128,0.052066103,0.030424393
2019,HKG,4899234.58,0.551814608,0.056206086,0.033809777
2020,HKG,6130420.43,0.526862727,0.06016042,0.038494107
2021,HKG,2966506,0.509699814,0.030736116,0.019011697
1999,HUN,15957,0.503795367,4.65E-04,3.12E-04
2000,HUN,11832,0.562287323,3.79E-04,2.13E-04
2001,HUN,10254,0.548025373,3.79E-04,2.19E-04
2002,HUN,13022,0.43624462,5.70E-04,4.16E-04
2003,HUN,16662.91,0.469453274,5.33E-04,3.72E-04
2004,HUN,28597.85,0.334526144,7.70E-04,6.76E-04
2005,HUN,32575.67,0.481832635,7.74E-04,5.38E-04
2006,HUN,41934.49,0.378954736,8.09E-04,6.80E-04
2007,HUN,46195.63,0.382561067,7.38E-04,6.51E-04
2008,HUN,18693,0.332579097,5.64E-04,5.30E-04
2009,HUN,30181,0.346402059,6.31E-04,5.98E-04
2010,HUN,27708.41,0.344067907,5.03E-04,4.81E-04
2011,HUN,18895,0.424539267,3.95E-04,3.16E-04
2012,HUN,20826,0.445333937,3.78E-04,2.83E-04
2013,HUN,19797.41,0.397685343,3.06E-04,2.43E-04
2014,HUN,14513.28,0.448758245,2.15E-04,1.56E-04
2015,HUN,17686.95,0.419618011,2.66E-04,2.04E-04
2016,HUN,22553.35658,0.453594306,3.27E-04,2.35E-04
2017,HUN,31631,0.407936574,3.75E-04,2.95E-04
2018,HUN,28934.57,0.353334447,3.94E-04,3.35E-04
2019,HUN,32886.53,0.320886333,3.77E-04,3.44E-04
2020,HUN,27970.83,0.315066776,2.74E-04,2.54E-04
2021,HUN,29791,0.317826063,3.09E-04,2.66E-04
1999,IDN,64044.67,0.596132929,0.00186656,0.001018002
2000,IDN,26812.5,0.720918545,8.60E-04,3.07E-04
2001,IDN,22997.86,0.714632474,8.51E-04,3.10E-04
2002,IDN,30066.96,0.690248785,0.00131595,5.27E-04
2003,IDN,54659.06,0.65840357,0.001747764,7.85E-04
2004,IDN,73250.64,0.63891503,0.001973561,9.40E-04
2005,IDN,81428.12,0.657400264,0.001934737,8.90E-04
2006,IDN,138886.36,0.657464602,0.002679332,0.001242631
2007,IDN,211692.97,0.622297336,0.003380816,0.001825411
2008,IDN,98760.6,0.676405392,0.002980809,0.001357118
2009,IDN,214941.47,0.650327106,0.00449341,0.002277919
2010,IDN,360388.1,0.64954589,0.006547315,0.003339725
2011,IDN,390106.89,0.658307897,0.00815094,0.003869199
2012,IDN,428222.56,0.659338432,0.007767181,0.003577749
2013,IDN,346673.81,0.659031173,0.005364518,0.002409791
2014,IDN,422127.05,0.655771655,0.006249867,0.002830835
2015,IDN,353270.96,0.57760148,0.005311482,0.002971516
2016,IDN,425767.7699,0.575503767,0.006164803,0.003451104
2017,IDN,520686.68,0.591867396,0.006174639,0.003341896
2018,IDN,486765.92,0.611521183,0.006635919,0.003383017
2019,IDN,523321.86,0.618187281,0.006003769,0.003076633
2020,IDN,496086.05,0.700695428,0.004868303,0.001970549
2021,IDN,391894,0.695183083,0.004060433,0.001561426
1999,IND,134369,0.455512154,0.003916139,0.002879483
2000,IND,225648.3719,0.421170133,0.007236264,0.005366967
2001,IND,148771.6353,0.597803029,0.005502511,0.002827054
2002,IND,172185.6623,0.579709303,0.007536102,0.00409862
2003,IND,308994.9594,0.612001128,0.009880343,0.005040848
2004,IND,415544.3128,0.606256915,0.011195835,0.005814468
2005,IND,624739.5832,0.585516035,0.014843849,0.008258018
2006,IND,895269.8819,0.565562232,0.017271138,0.010159182
2007,IND,1961859.187,0.621338553,0.031331629,0.016959897
2008,IND,791308.0089,0.610670223,0.023883388,0.013082649
2009,IND,1367309.893,0.616763509,0.028583986,0.015881441
2010,IND,1762461.863,0.599202634,0.032019349,0.018679005
2011,IND,1244598.654,0.605481559,0.026004792,0.014252764
2012,IND,1390416.295,0.577405486,0.025219631,0.014410728
2013,IND,1265063.578,0.576664823,0.019575912,0.010917931
2014,IND,1686708.487,0.56228229,0.024972823,0.01438331
2015,IND,1745169.237,0.544149295,0.026238884,0.015841923
2016,IND,1746297.399,0.542234773,0.025285097,0.015264144
2017,IND,2555988.799,0.536169386,0.030310569,0.018643762
2018,IND,2282310.517,0.524279093,0.031113986,0.019424222
2019,IND,2286924.471,0.520091363,0.026236562,0.016899224
2020,IND,2595465.587,0.517007467,0.025470406,0.016636904
2021,IND,2883235,0.524670877,0.029873341,0.017913814
1999,IRL,68773.18,0.142260838,0.002004371,0.002321676
2000,IRL,81882.45,0.162166185,0.002625869,0.002818996
2001,IRL,75297.84,0.104168981,0.002784988,0.003187013
2002,IRL,59937.5,0.113066534,0.002623303,0.003010791
2003,IRL,85070.38,0.115083522,0.002720189,0.003165209
2004,IRL,114085.43,0.108623811,0.003073756,0.003613857
2005,IRL,114086.16,0.109704926,0.002710694,0.003239187
2006,IRL,163269.49,0.113305094,0.003149721,0.003781433
2007,IRL,143905.26,0.15846672,0.002298221,0.002764727
2008,IRL,49489.91,0.251627057,0.001493713,0.001572777
2009,IRL,63925,0.268030113,0.00133637,0.001418143
2010,IRL,64122,0.293664112,0.00116493,0.001197643
2011,IRL,108393.17,0.595021267,0.00226478,0.001274197
2012,IRL,108989.16,0.110134986,0.001976866,0.002378618
2013,IRL,170122.68,0.190994725,0.002632521,0.002805803
2014,IRL,143465.83,0.183580722,0.002124106,0.002281846
2015,IRL,128008.85,0.144567106,0.001924632,0.002180588
2016,IRL,119828.5866,0.112958939,0.001735029,0.002029624
2017,IRL,146554.13,0.19917334,0.001737934,0.00184566
2018,IRL,110154.37,0.185965316,0.001501698,0.00160421
2019,IRL,99776,0.149078746,0.001144672,0.00130729
2020,IRL,129279,0.100523983,0.00126867,0.001543243
2021,IRL,176751,0.104085601,0.001831326,0.002069865
1999,ISR,65261.07,0.593091377,0.001902012,0.001045149
2000,ISR,66742.92,0.348566986,0.002140363,0.001786573
2001,ISR,57655.94,0.507652504,0.002132479,0.001341192
2002,ISR,42131.47,0.441643747,0.001843981,0.001332321
2003,ISR,70169.06,0.425646758,0.002243708,0.001694519
2004,ISR,91856.25,0.437010183,0.002474844,0.001837761
2005,ISR,122577.93,0.425963511,0.002912459,0.00224399
2006,ISR,161731.74,0.448603505,0.003120055,0.002329359
2007,ISR,235056.38,0.378283978,0.003753939,0.003336325
2008,ISR,107706.44,0.260589839,0.003250813,0.003381891
2009,ISR,188733.9,0.319399381,0.003945534,0.003893125
2010,ISR,227614.01,0.363141686,0.004135155,0.003833107
2011,ISR,156938.65,0.397169955,0.003279095,0.002746169
2012,ISR,161855.48,0.395886545,0.002935765,0.002398077
2013,ISR,203301.35,0.418576182,0.003145936,0.002409776
2014,ISR,200524.99,0.356226242,0.002968904,0.002514933
2015,ISR,243903.68,0.288034287,0.003667129,0.003458001
2016,ISR,213983.6087,0.380823999,0.003098325,0.002529916
2017,ISR,231048.76,0.402913666,0.002739926,0.002169482
2018,ISR,187466.4,0.369843835,0.002555668,0.002113432
2019,ISR,237371.16,0.374838786,0.002723222,0.002284948
2020,ISR,262061.92,0.385321104,0.002571725,0.00213781
2021,ISR,213492,0.396557747,0.002212001,0.001683957
1999,ITA,728240.35,0.492999218,0.021224321,0.014531507
2000,ITA,768363.35,0.347972482,0.024640461,0.020586302
2001,ITA,527467.28,0.411746806,0.019509058,0.014660034
2002,ITA,477075.42,0.418820301,0.020880305,0.015703209
2003,ITA,614841.57,0.386231855,0.019660016,0.015866799
2004,ITA,789562.62,0.339910958,0.021272852,0.018521186
2005,ITA,798072.87,0.315458184,0.018962259,0.017422544
2006,ITA,1026504.21,0.296229466,0.019802851,0.018869875
2007,ITA,1072534.68,0.317278865,0.017128782,0.016717025
2008,ITA,524341,0.302441589,0.015825746,0.015531983
2009,ITA,662794,0.29987078,0.013855889,0.01406413
2010,ITA,577625,0.3256774,0.010493944,0.010299659
2011,ITA,449466,0.401334442,0.009391196,0.007810585
2012,ITA,498933,0.395888404,0.00904974,0.00739225
2013,ITA,628451,0.397531955,0.009724809,0.007718787
2014,ITA,587312.44,0.374468385,0.008695545,0.0071572
2015,ITA,603207,0.374473135,0.009069309,0.007513808
2016,ITA,544618,0.378843991,0.007885666,0.006459578
2017,ITA,744082,0.374970699,0.008823806,0.007313687
2018,ITA,608555,0.361920408,0.008296229,0.006946905
2019,ITA,708357,0.350701869,0.00812657,0.007081948
2020,ITA,684249,0.369191673,0.006714826,0.005728335
2021,ITA,853397,0.354326509,0.008842089,0.007202407
1999,JPN,4658924,0.441395858,0.135782779,0.102427614
2000,JPN,3157221.78,0.402838018,0.101248191,0.077471688
2001,JPN,2264527.9,0.401827078,0.083756486,0.063999942
2002,JPN,2076413,0.37718214,0.090878998,0.073242933
2003,JPN,2953098.3,0.345780953,0.094427512,0.081231196
2004,JPN,3557674.43,0.33870715,0.09585292,0.083606439
2005,JPN,4572901.03,0.314674865,0.108652399,0.09994418
2006,JPN,4614068.83,0.311877004,0.089012511,0.082932996
2007,JPN,4330921.86,0.320936386,0.06916645,0.067142128
2008,JPN,3115803.73,0.323861188,0.094041699,0.089461972
2009,JPN,3306082.05,0.294857215,0.069114547,0.070655632
2010,JPN,3827774.2,0.308603849,0.069540704,0.069981367
2011,JPN,3325387.76,0.302696781,0.069481046,0.067307958
2012,JPN,3478831.52,0.20860468,0.063099698,0.067521814
2013,JPN,4543169.14,0.188112763,0.070302142,0.075196607
2014,JPN,4377994.37,0.211920666,0.064819073,0.067215559
2015,JPN,4894919.12,0.244660541,0.073595851,0.073626714
2016,JPN,4955299.652,0.242798943,0.07174908,0.071646104
2017,JPN,6222825.21,0.241276371,0.073794287,0.07424828
2018,JPN,5296811.1,0.243134268,0.072209677,0.071721603
2019,JPN,6191073.29,0.237444738,0.071026605,0.072693176
2020,JPN,6718219.55,0.244822435,0.065928742,0.067331781
2021,JPN,6321887,0.218802639,0.065501386,0.064553694
1999,KOR,306127.53,0.360484679,0.008921984,0.007705142
2000,KOR,171262.31,0.398230717,0.00549217,0.004234846
2001,KOR,233920.54,0.328918919,0.008651853,0.007416833
2002,KOR,250706.77,0.246341765,0.010972759,0.010701174
2003,KOR,329457.32,0.287303433,0.010534643,0.009872465
2004,KOR,428325.58,0.340843285,0.011540195,0.010033267
2005,KOR,718010.71,0.329341431,0.017059977,0.015356825
2006,KOR,834404.28,0.240178847,0.016096947,0.016560182
2007,KOR,1122606.33,0.238590339,0.017928445,0.019514174
2008,KOR,470797.68,0.237425851,0.014209693,0.015245754
2009,KOR,834596.86,0.300437409,0.017447475,0.017695361
2010,KOR,1091911.46,0.358717115,0.019837192,0.01851596
2011,KOR,996139.92,0.310460217,0.020813466,0.019938025
2012,KOR,1179419.47,0.31299696,0.021392531,0.019872119
2013,KOR,1234548.55,0.306914124,0.019103715,0.01744371
2014,KOR,1212759.46,0.327045007,0.017955698,0.01589957
2015,KOR,1231199.76,0.369256771,0.018511275,0.015464249
2016,KOR,1254541.185,0.359763359,0.01816483,0.015336876
2017,KOR,1771767.93,0.330204091,0.02101077,0.018662272
2018,KOR,1413716.51,0.335460139,0.01927273,0.01680738
2019,KOR,1484840.32,0.322111338,0.017034715,0.015498672
2020,KOR,2176189.5,0.332683797,0.021355872,0.019272817
2021,KOR,1471939,0.352457794,0.015250833,0.012458665
2003,KWT,60951.56,0.342,0.001948971,0.001686291
2004,KWT,72903.66,0.318970869,0.001964213,0.001764391
2005,KWT,103720.26,0.3607,0.0024644,0.002114644
2006,KWT,107063.21,0.3677,0.002065415,0.001768238
2007,KWT,143075,0.157920353,0.002284962,0.002750561
2008,KWT,83274,0.447754046,0.00251339,0.001952875
2009,KWT,76465,0.7052,0.001598522,6.83E-04
2010,KWT,105133,0.287252182,0.001909993,0.001981455
2011,KWT,87983,0.381230097,0.001838327,0.001580267
2012,KWT,87391,0.422849413,0.001585114,0.00123701
2013,KWT,90617,0.414964088,0.00140223,0.001080776
2014,KWT,83726,0.397109247,0.001239618,9.83E-04
2015,KWT,96113.49,0.419681256,0.001445081,0.001110705
2016,KWT,71626,0.419735668,0.001037092,7.94E-04
2017,KWT,76641,0.39636367,9.09E-04,7.28E-04
2018,KWT,81093,0.386900829,0.001105514,8.89E-04
2019,KWT,118141.91,0.432779077,0.001355374,0.001031841
2020,KWT,105986.84,0.429431613,0.001040094,8.03E-04
2021,KWT,116003,0.428144185,0.001201913,8.67E-04
2000,LUX,34016.52,0.731506841,0.001090868,3.75E-04
2001,LUX,22710.36,0.442741398,8.40E-04,5.98E-04
2002,LUX,24551.04,0.596718509,0.001074533,5.61E-04
2003,LUX,37333.21,0.588401954,0.001193757,6.46E-04
2004,LUX,50143.55,0.585839112,0.001350996,7.38E-04
2005,LUX,51248.41,0.580921644,0.001217665,6.85E-04
2006,LUX,79513.58,0.609129569,0.00153394,8.12E-04
2007,LUX,166078,0.605680774,0.002652328,0.00149508
2008,LUX,66614.73,0.601509461,0.002010577,0.001127251
2009,LUX,105048.19,0.587699223,0.002196061,0.00131268
2010,LUX,101128.52,0.575311765,0.001837242,0.001135672
2011,LUX,67627.42,0.545472483,0.001413015,8.92E-04
2012,LUX,70338.38,0.552968718,0.001275811,7.71E-04
2013,LUX,78640.84,0.552732192,0.001216908,7.17E-04
2014,LUX,63167.51,0.52588514,9.35E-04,5.83E-04
2015,LUX,47131.38,0.504563187,7.09E-04,4.65E-04
2016,LUX,60910.16639,0.526637877,8.82E-04,5.51E-04
2017,LUX,68639.08,0.500864241,8.14E-04,5.39E-04
2018,LUX,49482.64,0.53906338,6.75E-04,4.08E-04
2019,LUX,44233.61,0.532765249,5.07E-04,3.18E-04
2020,LUX,51567.66,0.525851288,5.06E-04,3.24E-04
2021,LUX,20363,0.526149846,2.11E-04,1.26E-04
1999,MAR,8789,0.277400176,2.56E-04,2.50E-04
2000,MAR,7249,0.535585766,2.32E-04,1.38E-04
2001,MAR,5955,0.699331972,2.20E-04,8.46E-05
2002,MAR,6081,0.568038904,2.66E-04,1.49E-04
2003,MAR,9601,0.691017659,3.07E-04,1.25E-04
2004,MAR,21172,0.735589718,5.70E-04,1.99E-04
2005,MAR,23129,0.677378948,5.50E-04,2.38E-04
2006,MAR,43532,0.712882732,8.40E-04,3.26E-04
2007,MAR,68277,0.755897338,0.001090409,3.80E-04
2008,MAR,59690,0.675575792,0.001801573,8.22E-04
2009,MAR,58024,0.658081836,0.001213008,6.01E-04
2010,MAR,69152.11,0.694389699,0.001256314,5.59E-04
2011,MAR,60087.89,0.753712332,0.001255483,4.30E-04
2012,MAR,52479.84,0.802198876,9.52E-04,2.55E-04
2013,MAR,53831.38,0.692222842,8.33E-04,3.38E-04
2014,MAR,52746.8,0.666523048,7.81E-04,3.43E-04
2015,MAR,45927.92,0.659377335,6.91E-04,3.12E-04
2016,MAR,57579.71887,0.642291595,8.34E-04,3.93E-04
2017,MAR,67048.48,0.636898838,7.95E-04,3.83E-04
2018,MAR,61080.78,0.633234624,8.33E-04,4.01E-04
2019,MAR,65415.26,0.549735879,7.50E-04,4.54E-04
2020,MAR,65574.81,0.723701595,6.44E-04,2.40E-04
2021,MAR,73170,0.714659169,7.58E-04,2.73E-04
1999,MEX,154043.88,0.864450618,0.004489557,8.22E-04
2000,MEX,125203.83,0.853418463,0.004015132,7.54E-04
2001,MEX,126258.38,0.774308914,0.004669829,0.001346325
2002,MEX,103941.15,0.826121806,0.004549224,0.001023584
2003,MEX,124111,0.670343231,0.003968541,0.00172026
2004,MEX,171401.99,0.656772722,0.004618011,0.002090631
2005,MEX,239127.95,0.561778123,0.005681694,0.0033419
2006,MEX,348345.13,0.504844073,0.006720115,0.004505354
2007,MEX,397724.64,0.193432758,0.006351812,0.007323646
2008,MEX,234054.92,0.628799316,0.007064284,0.003689428
2009,MEX,352045.44,0.492440228,0.007359606,0.005415543
2010,MEX,454345.22,0.421448938,0.008254271,0.006950832
2011,MEX,408689.83,0.540633776,0.008539214,0.005449484
2012,MEX,525056.68,0.576121607,0.009523576,0.005458392
2013,MEX,526015.64,0.583283081,0.008139698,0.004468723
2014,MEX,480245.32,0.6060649,0.007110346,0.003685636
2015,MEX,402253.28,0.532893908,0.006047939,0.003741647
2016,MEX,350809.5536,0.521393402,0.005079463,0.003205985
2017,MEX,417020.52,0.472252871,0.004945299,0.003460975
2018,MEX,385051.43,0.384710296,0.005249279,0.004238528
2019,MEX,413618.82,0.453884103,0.00474521,0.003478095
2020,MEX,399616.7,0.510784844,0.003921608,0.00259454
2021,MEX,420058,0.501611178,0.004352242,0.002736473
1999,MYS,139907.89,0.512453295,0.004077569,0.002684638
2000,MYS,113155.79,0.542901361,0.003628766,0.00212536
2001,MYS,118980.79,0.54285184,0.004400658,0.002569857
2002,MYS,125778.16,0.548179332,0.005504971,0.003218565
2003,MYS,160814.2,0.495648234,0.005142154,0.003410199
2004,MYS,181623.79,0.501285898,0.004893413,0.003218875
2005,MYS,180517.54,0.490464441,0.004289107,0.002933344
2006,MYS,235580.9,0.494215062,0.004544719,0.003112312
2007,MYS,325290.26,0.410672324,0.005195008,0.004376553
2008,MYS,189239.21,0.536633187,0.005711649,0.003723647
2009,MYS,289219.39,0.520661406,0.00604621,0.004201708
2010,MYS,408689.12,0.470735072,0.007424819,0.005719728
2011,MYS,395623.82,0.529639672,0.008266211,0.005401515
2012,MYS,466587.57,0.463388168,0.008463053,0.006140598
2013,MYS,500387.41,0.502500498,0.007743121,0.005075077
2014,MYS,459004.37,0.512277159,0.00679586,0.004361286
2015,MYS,382976.65,0.521212411,0.005758112,0.003651429
2016,MYS,359788.3038,0.510312334,0.005209469,0.003364168
2017,MYS,455772.49,0.513494924,0.005404845,0.00348699
2018,MYS,398018.7,0.598682509,0.005426058,0.002857645
2019,MYS,403957.38,0.618740855,0.004634369,0.00237144
2020,MYS,436537.87,0.629304912,0.004283932,0.002147611
2021,MYS,341389,0.622706823,0.003537148,0.001683612
1999,NLD,718338,0.351142239,0.02093572,0.018344489
2000,NLD,679932,0.301711001,0.021804577,0.019509514
2001,NLD,551056,0.263953645,0.020381517,0.019163554
2002,NLD,436920,0.219183785,0.01912281,0.019321537
2003,NLD,538977,0.213531298,0.01723419,0.017822698
2004,NLD,612243,0.247428183,0.016495405,0.016373875
2005,NLD,592835.61,0.225854914,0.014085809,0.014636111
2006,NLD,779542.64,0.208564922,0.015038581,0.016115077
2007,NLD,956157.63,0.371601379,0.015270197,0.013717312
2008,NLD,388720.84,0.255342344,0.011732436,0.012292126
2009,NLD,559195.31,0.240722317,0.011690131,0.012868272
2010,NLD,661099.2,0.270846922,0.012010453,0.012746604
2011,NLD,594636.52,0.315741801,0.012424406,0.011810657
2012,NLD,650811.19,0.340847706,0.011804535,0.010521024
2013,NLD,817840.28,0.370067368,0.012655466,0.010502827
2014,NLD,786573.52,0.417780121,0.011645736,0.00892177
2015,NLD,728485.58,0.21430205,0.010952891,0.011397886
2016,NLD,805724.4395,0.190434395,0.011666295,0.012455181
2017,NLD,1100105.44,0.209668297,0.013045762,0.013672845
2018,NLD,641496,0.191723944,0.008745303,0.009276205
2019,NLD,882330,0.193080227,0.010122462,0.010962706
2020,NLD,1024357,0.249931033,0.01005245,0.010196928
2021,NLD,1292530,0.206972655,0.013391968,0.013398075
1999,NOR,63699.92,0.362470775,0.001856513,0.001598329
2000,NOR,65774.11,0.445508392,0.002109294,0.001498635
2001,NOR,69465.4,0.530802239,0.002569267,0.001539925
2002,NOR,65086,0.510651441,0.002848639,0.001803835
2003,NOR,95919.91,0.534860827,0.00306711,0.001875916
2004,NOR,141429.86,0.500221844,0.003810485,0.002511875
2005,NOR,192512,0.484895121,0.004574097,0.003162442
2006,NOR,280851.34,0.502636791,0.005418056,0.003648609
2007,NOR,354919.79,0.513642162,0.005668202,0.003940855
2008,NOR,145906.34,0.566108807,0.004403769,0.002688361
2009,NOR,230068,0.524444234,0.004809634,0.003315994
2010,NOR,295288.3,0.50501651,0.005364621,0.00386497
2011,NOR,234745,0.521404424,0.00490479,0.003261125
2012,NOR,264211,0.487701809,0.004792309,0.00331964
2013,NOR,283761,0.473564546,0.004390989,0.00304538
2014,NOR,219369.67,0.463580059,0.003247912,0.002292483
2015,NOR,193895.75,0.466101864,0.002915252,0.002061458
2016,NOR,231257.1926,0.466949935,0.003348433,0.002353828
2017,NOR,287192.2,0.467813414,0.003405711,0.002403542
2018,NOR,267382.19,0.491288659,0.003645133,0.00243344
2019,NOR,295548.63,0.480192634,0.003390659,0.002365526
2020,NOR,292455,0.456912919,0.002869985,0.002107877
2021,NOR,356884,0.474512497,0.003697693,0.002451337
1999,NZL,28351.5,0.698842582,8.26E-04,3.36E-04
2000,NZL,19626,0.654060845,6.29E-04,2.79E-04
2001,NZL,18707,0.458117501,6.92E-04,4.79E-04
2002,NZL,21761.62,0.506575397,9.52E-04,6.08E-04
2003,NZL,33049.76,0.55887772,0.001056791,6.13E-04
2004,NZL,43731.33,0.500454329,0.001178235,7.76E-04
2005,NZL,40592.46,0.4992868,9.64E-04,6.48E-04
2006,NZL,44816.54,0.498254606,8.65E-04,5.87E-04
2007,NZL,47485.6,0.498416664,7.58E-04,5.44E-04
2008,NZL,24209.61,0.507286845,7.31E-04,5.07E-04
2009,NZL,35506.85,0.494940664,7.42E-04,5.44E-04
2010,NZL,35624,0.474522492,6.47E-04,4.95E-04
2011,NZL,35429,0.448369059,7.40E-04,5.67E-04
2012,NZL,52870.1,0.360172914,9.59E-04,8.30E-04
2013,NZL,65961.56,0.271641796,0.001020706,9.79E-04
2014,NZL,74415.69,0.26103836,0.001101773,0.0010713
2015,NZL,74350.5,0.18762228,0.001117871,0.001202789
2016,NZL,80048.4587,0.201797299,0.001159043,0.00122005
2017,NZL,94691.28,0.198159404,0.00112291,0.001194024
2018,NZL,86132.63,0.257941635,0.001174218,0.001143464
2019,NZL,107879.78,0.266592067,0.001237642,0.001218266
2020,NZL,132198.46,0.254571589,0.00129732,0.001307824
2021,NZL,118389,0.254015215,0.001226634,0.001154396
1999,PAK,7007.8,0.744808076,2.04E-04,7.04E-05
2000,PAK,6624.6,0.623414178,2.12E-04,1.03E-04
2001,PAK,4903.4,0.789171742,1.81E-04,4.88E-05
2002,PAK,8627,0.712903233,3.78E-04,1.40E-04
2003,PAK,13087,0.657420908,4.18E-04,1.89E-04
2004,PAK,45595.63,0.727657871,0.001228464,4.41E-04
2005,PAK,45317.28,0.726425793,0.001076741,3.95E-04
2006,PAK,44906.48,0.677932205,8.66E-04,3.78E-04
2007,PAK,69715.39,0.656213976,0.001113381,5.47E-04
2008,PAK,23354.04,0.695566913,7.05E-04,3.02E-04
2009,PAK,31886.98,0.670126718,6.67E-04,3.19E-04
2010,PAK,38007.18,0.733224145,6.90E-04,2.68E-04
2011,PAK,32567.93,0.716369202,6.80E-04,2.68E-04
2012,PAK,35362,0.735993035,6.41E-04,2.29E-04
2013,PAK,50025,0.823905782,7.74E-04,1.80E-04
2014,PAK,59089,0.711430427,8.75E-04,3.32E-04
2015,PAK,48957,0.116673306,7.36E-04,8.61E-04
2016,PAK,68534,0.116696273,9.92E-04,0.001155919
2017,PAK,58106,0.139524775,6.89E-04,7.86E-04
2018,PAK,42494,0.315061853,5.79E-04,5.21E-04
2019,PAK,38325,0.336156482,4.40E-04,3.92E-04
2020,PAK,34959,0.380036168,3.43E-04,2.88E-04
2021,PAK,30181,0.618860027,3.13E-04,1.50E-04
1999,PER,12091.97,0.505739226,3.52E-04,2.35E-04
2000,PER,9749.91,0.816150032,3.13E-04,7.37E-05
2001,PER,9790.33,0.713985551,3.62E-04,1.32E-04
2002,PER,11441.44,0.876257279,5.01E-04,8.02E-05
2003,PER,14125.03,0.893997462,4.52E-04,6.30E-05
2004,PER,18073.73,0.851136849,4.87E-04,9.56E-05
2005,PER,24139.72,0.705327492,5.74E-04,2.27E-04
2006,PER,55110,0.720434487,0.001063157,4.02E-04
2007,PER,69386.47,0.71813573,0.001108128,4.46E-04
2008,PER,40052,0.742838016,0.001208856,4.37E-04
2009,PER,71662.54,0.775343049,0.001498125,4.88E-04
2010,PER,103347.48,0.794722944,0.001877555,5.61E-04
2011,PER,81878.19,0.775670211,0.001710773,5.33E-04
2012,PER,102616.7,0.746866409,0.001861281,6.37E-04
2013,PER,80977.52,0.760956827,0.001253067,3.95E-04
2014,PER,78839.86,0.822719212,0.001167276,2.72E-04
2015,PER,56555.7,0.802426542,8.50E-04,2.23E-04
2016,PER,81088.97356,0.75974081,0.001174108,3.72E-04
2017,PER,99217.96,0.818018891,0.001176591,2.84E-04
2018,PER,93385.36,0.810670451,0.001273092,3.16E-04
2019,PER,99655,0.849332725,0.001143284,2.31E-04
2020,PER,87092.13,0.836317891,8.55E-04,1.89E-04
2021,PER,72703,0.860862474,7.53E-04,1.32E-04
1999,PHL,42177.84,0.744178417,0.001229259,4.25E-04
2000,PHL,25980.66,0.709407383,8.33E-04,3.10E-04
2001,PHL,21245.37,0.676390134,7.86E-04,3.25E-04
2002,PHL,18507.43,0.685881112,8.10E-04,3.29E-04
2003,PHL,23175.72,0.759037845,7.41E-04,2.35E-04
2004,PHL,28601.91,0.765602313,7.71E-04,2.38E-04
2005,PHL,41244,0.790292715,9.80E-04,2.76E-04
2006,PHL,67851.74,0.797068078,0.001308965,3.60E-04
2007,PHL,102852.74,0.815880754,0.001642597,4.32E-04
2008,PHL,52030.6,0.843151822,0.001570396,3.47E-04
2009,PHL,86349.43,0.735729919,0.001805158,6.92E-04
2010,PHL,157320.5,0.632987123,0.002858104,0.001526778
2011,PHL,165066.42,0.673117562,0.003448917,0.00156622
2012,PHL,229316.64,0.653865114,0.004159388,0.001946696
2013,PHL,217320.26,0.638972272,0.003362868,0.001599501
2014,PHL,261840.67,0.626716066,0.003876723,0.00190415
2015,PHL,238819.94,0.620876606,0.003590694,0.001803013
2016,PHL,239738.0462,0.6284915,0.00347123,0.001700659
2017,PHL,290401.42,0.634485121,0.003443768,0.001669241
2018,PHL,258155.66,0.623342666,0.003519351,0.001739581
2019,PHL,275302.19,0.626432836,0.003158383,0.001583561
2020,PHL,272790.29,0.637402774,0.002677007,0.001312714
2021,PHL,238816,0.66609656,0.002474384,0.001042312
1999,POL,29576.81,0.707206327,8.62E-04,3.41E-04
2000,POL,31279.37,0.691060892,0.001003091,3.97E-04
2001,POL,26016.65,0.686291438,9.62E-04,3.86E-04
2002,POL,28380.43,0.678896132,0.001242135,5.16E-04
2003,POL,37020.27,0.623361175,0.001183751,5.86E-04
2004,POL,70530.89,0.591657492,0.001900284,0.00102349
2005,POL,94028.51,0.599914235,0.002234123,0.001199725
2006,POL,148848.93,0.600055603,0.002871526,0.001554972
2007,POL,211620.2,0.609336316,0.003379654,0.001887402
2008,POL,90815.49,0.60929236,0.002741008,0.001506761
2009,POL,150961.53,0.618819356,0.003155892,0.001744027
2010,POL,190705.94,0.57373956,0.003464631,0.002149554
2011,POL,138244.23,0.541703371,0.002888491,0.001839061
2012,POL,177408.38,0.526954943,0.003217866,0.00205823
2013,POL,204542.55,0.530735081,0.003165143,0.001956795
2014,POL,168895.63,0.511494845,0.00250061,0.001607357
2015,POL,137769.58,0.513495154,0.002071387,0.001334714
2016,POL,138691.0825,0.499465748,0.002008144,0.001325543
2017,POL,201392.89,0.507725415,0.002388247,0.001559074
2018,POL,160482.62,0.507025376,0.002187807,0.001415368
2019,POL,151618.86,0.518558045,0.001739436,0.001123967
2020,POL,177508.14,0.487209783,0.001741963,0.001208022
2021,POL,165159,0.48034789,0.001711221,0.001121834
1999,PRT,68147.74,0.409828858,0.001986143,0.001582912
2000,PRT,64000,0.40075166,0.002052401,0.001575914
2001,PRT,50329,0.445947067,0.001861483,0.001317482
2002,PRT,46377,0.470744492,0.002029796,0.001390141
2003,PRT,62379,0.48593413,0.001994615,0.001348276
2004,PRT,73880,0.386929516,0.001990518,0.001609596
2005,PRT,70735,0.468082542,0.001680668,0.001199907
2006,PRT,105763,0.466158506,0.002040332,0.001474767
2007,PRT,135993,0.501692571,0.002171859,0.001547099
2008,PRT,68876.02,0.484370542,0.002078827,0.001508128
2009,PRT,98247.2,0.500024001,0.002053885,0.001488763
2010,PRT,81996.7,0.583418395,0.001489667,9.03E-04
2011,PRT,61689.89,0.603414903,0.001288956,7.10E-04
2012,PRT,65519.04,0.607263018,0.001188397,6.31E-04
2013,PRT,79177.9,0.536335873,0.001225219,7.48E-04
2014,PRT,57774.19,0.507195184,8.55E-04,5.55E-04
2015,PRT,59837.19,0.510530713,9.00E-04,5.83E-04
2016,PRT,57255.2239,0.508235616,8.29E-04,5.38E-04
2017,PRT,75589.62881,0.540805964,8.96E-04,5.46E-04
2018,PRT,61933.60486,0.521708351,8.44E-04,5.30E-04
2019,PRT,60626,0.495147569,6.96E-04,4.71E-04
2020,PRT,61035,0.44922293,5.99E-04,4.46E-04
2021,PRT,62828,0.48450283,6.51E-04,4.23E-04
2003,QAT,22563,0.5,7.21E-04,4.74E-04
2004,QAT,35907,0.5,9.67E-04,6.38E-04
2005,QAT,83261,0.4605902,0.001978286,0.001432285
2006,QAT,58801,0.587730962,0.001134362,6.33E-04
2007,QAT,95506.24,0.518207063,0.001525271,0.001050501
2008,QAT,76530.57,0.50926456,0.002309858,0.001594832
2009,QAT,85688,0.487371298,0.001791331,0.001331309
2010,QAT,124039,0.506585989,0.002253466,0.001618374
2011,QAT,125568,0.559675399,0.002623633,0.001604924
2012,QAT,126382,0.493729451,0.00229234,0.001569225
2013,QAT,152656,0.499736023,0.002362237,0.001556886
2014,QAT,185860.28,0.463196891,0.002751783,0.001943687
2015,QAT,152065,0.464021903,0.00228632,0.001623021
2016,QAT,155263,0.468070996,0.002248094,0.001577005
2017,QAT,130610.06,0.468356794,0.001548859,0.001091973
2018,QAT,163047.41,0.473550229,0.002222772,0.001535633
2019,QAT,160050.72,0.497453602,0.001836169,0.001238483
2020,QAT,165394,0.527627124,0.001623082,0.001036863
2021,QAT,183546,0.518118875,0.001901729,0.001156108
2005,ROU,17436,0.830153987,4.14E-04,9.44E-05
2006,ROU,27947,0.758861246,5.39E-04,1.76E-04
2007,ROU,34979,0.732589324,5.59E-04,2.14E-04
2008,ROU,15149.44,0.723572334,0.000457243,1.78E-04
2009,ROU,13072.97,0.747198585,2.73E-04,1.00E-04
2010,ROU,14200.97,0.779636381,2.58E-04,8.27E-05
2011,ROU,14023.92,0.641604761,2.93E-04,1.46E-04
2012,ROU,18793,0.794512853,3.41E-04,9.47E-05
2013,ROU,24574.28,0.667199566,3.80E-04,1.67E-04
2014,ROU,22386.84,0.654441005,3.31E-04,1.51E-04
2015,ROU,18539.11,0.616275713,2.79E-04,1.42E-04
2016,ROU,18072.69,0.597035743,2.62E-04,1.39E-04
2017,ROU,23621.18,0.602247048,2.80E-04,1.48E-04
2018,ROU,20853.79,0.596229916,2.84E-04,1.51E-04
2019,ROU,26110.3,0.595339261,3.00E-04,1.63E-04
2020,ROU,25513.18,0.602677998,2.50E-04,1.35E-04
2021,ROU,32766,0.613344562,3.39E-04,1.66E-04
1999,RUS,19865,0.818582625,5.79E-04,1.42E-04
2000,RUS,16648,0.800713953,5.34E-04,1.36E-04
2001,RUS,35542,0.860602556,0.001314567,2.34E-04
2002,RUS,51171,0.822699813,0.002239617,5.14E-04
2003,RUS,96395,0.818687404,0.003082302,7.35E-04
2004,RUS,132048,0.77761866,0.003557714,0.001043542
2005,RUS,223723,0.604067582,0.005315672,0.002824885
2006,RUS,778041,0.638241262,0.015009612,0.007351885
2007,RUS,1072038,0.696273108,0.01712085,0.007433575
2008,RUS,323580,0.637367027,0.009766345,0.004982892
2009,RUS,761735.93,0.70595959,0.015924297,0.006788402
2010,RUS,951295.57,0.670160635,0.017282567,0.008297115
2011,RUS,783554.77,0.635424658,0.016371686,0.008291996
2012,RUS,825340.47,0.646423068,0.01497018,0.007157054
2013,RUS,770656.62,0.675666104,0.011925334,0.005095618
2014,RUS,385926.68,0.835040549,0.005713897,0.001240243
2015,RUS,393237.76,0.330456913,0.005912389,0.005243019
2016,RUS,622051.5326,0.767604664,0.009006847,0.002760357
2017,RUS,623424.9,0.800563694,0.007392976,0.001955256
2018,RUS,576116.34,0.612919927,0.007854004,0.003989585
2019,RUS,791519.44,0.5804826,0.009080645,0.005112908
2020,RUS,694739.21,0.626436215,0.006817771,0.003444319
2021,RUS,766149,0.639754097,0.007938108,0.003607662
2002,SAU,,0.8104,,
2003,SAU,,0.643629637,,
2004,SAU,,0.631187722,,
2005,SAU,590641,0.62098465,0.014033665,0.007139198
2006,SAU,298832,0.559987538,0.005764931,0.003434546
2007,SAU,472444,0.603409001,0.007545108,0.004277574
2008,SAU,219041,0.511737066,0.006611131,0.004541629
2009,SAU,318733.68,0.476252989,0.006663215,0.005059477
2010,SAU,353409.59,0.282031153,0.006420533,0.006709545
2011,SAU,338873.29,0.378984598,0.007080459,0.006108607
2012,SAU,373374.75,0.420074495,0.006772341,0.005310487
2013,SAU,467365.78,0.401261944,0.007232136,0.00570476
2014,SAU,483115.51,0.370077017,0.007152841,0.00592875
2015,SAU,421060.07,0.355615398,0.006330702,0.005403025
2016,SAU,448831.0695,0.378628979,0.006498742,0.005325316
2017,SAU,451378.84,0.327379136,0.005352742,0.004774487
2018,SAU,496353.18,0.305399181,0.006766619,0.006167977
2019,SAU,2406819.6,0.881453637,0.02761205,0.004393273
2020,SAU,2429102.37,0.873202424,0.023837813,0.004087649
2021,SAU,2565961,0.81275363,0.02658605,0.006280252
1999,SGP,192983.19,0.649077386,0.00562443,0.002665374
2000,SGP,152826.41,0.550892915,0.004900954,0.002820292
2001,SGP,115688.6,0.582667673,0.004278892,0.002281118
2002,SGP,101485.5,0.558812949,0.004441747,0.002535816
2003,SGP,148502.64,0.55259727,0.004748482,0.002793538
2004,SGP,217495.36,0.536783138,0.005859886,0.003580256
2005,SGP,257339.76,0.536393402,0.006114408,0.003804745
2006,SGP,384286.35,0.553523098,0.007413477,0.00448158
2007,SGP,539176.63,0.562287053,0.008610853,0.005387965
2008,SGP,264974.4,0.581571752,0.007997501,0.004708227
2009,SGP,481246.7,0.553724736,0.010060594,0.006509186
2010,SGP,647226.41,0.522391642,0.011758421,0.00817405
2011,SGP,598272.7,0.414704639,0.012500381,0.010164282
2012,SGP,765077.96,0.414808372,0.013877127,0.010980472
2013,SGP,744413.23,0.371491512,0.011519238,0.009538253
2014,SGP,752831.01,0.360951362,0.011146156,0.009372514
2015,SGP,639955.9,0.38946086,0.009621834,0.007780568
2016,SGP,640427.5469,0.404007032,0.009272918,0.007288239
2017,SGP,787255.33,0.376046461,0.009335783,0.007724725
2018,SGP,687257.16,0.387028421,0.00936915,0.007536614
2019,SGP,697271.33,0.356986615,0.007999391,0.006903641
2020,SGP,652614.66,0.323668087,0.006404385,0.005857786
2021,SGP,492640,0.293786214,0.005104268,0.004547571
1999,SWE,373277.65,0.136375371,0.010879052,0.01268774
2000,SWE,328339.04,0.210276163,0.010529426,0.010654757
2001,SWE,236514.39,0.265731925,0.00874779,0.008205166
2002,SWE,179117.37,0.298022466,0.007839484,0.007121178
2003,SWE,289877.14,0.2412617,0.009269037,0.009247572
2004,SWE,343384,0.210353712,0.00925165,0.009635901
2005,SWE,366046,0.231763172,0.008697275,0.008968087
2006,SWE,510093,0.2546699,0.009840481,0.009930594
2007,SWE,498578,0.264049689,0.007962478,0.008376949
2008,SWE,234968,0.268684989,0.007091843,0.007297023
2009,SWE,397872,0.260469302,0.008317623,0.008917758
2010,SWE,528014,0.25405891,0.009592641,0.010414996
2011,SWE,433876,0.21714895,0.009065457,0.009859326
2012,SWE,521770,0.226771158,0.009463962,0.00989474
2013,SWE,643077,0.247188155,0.009951135,0.009869452
2014,SWE,578750,0.216498943,0.008568773,0.008833957
2015,SWE,564037,0.21435406,0.008480382,0.008824339
2016,SWE,550769,0.208352097,0.007974728,0.008325551
2017,SWE,649671,0.201452221,0.007704219,0.008158486
2018,SWE,508748,0.233718003,0.006935594,0.006974418
2019,SWE,638751,0.242618039,0.007328021,0.007449085
2020,SWE,830225,0.24253445,0.008147351,0.008345945
2021,SWE,1024497,0.259826185,0.010614864,0.009911925
1999,THA,57176.55,0.6434216,0.001666391,8.02E-04
2000,THA,29217.4,0.479927287,9.37E-04,6.24E-04
2001,THA,35943.18,0.586772304,0.001329405,7.02E-04
2002,THA,45504.36,0.538137494,0.001991603,0.001190301
2003,THA,119017.2,0.573234401,0.003805663,0.002135605
2004,THA,115390.38,0.533392201,0.003108914,0.00191338
2005,THA,123884.96,0.504449351,0.002943514,0.001957833
2006,THA,140161.28,0.500790427,0.002703927,0.00182763
2007,THA,197129.36,0.503719337,0.00314823,0.002233485
2008,THA,103128.24,0.501060649,0.003112633,0.002185032
2009,THA,176956.07,0.512313192,0.003699315,0.002615547
2010,THA,277731.74,0.565439695,0.005045664,0.003191426
2011,THA,268488.82,0.576835733,0.005609837,0.003297901
2012,THA,389756.32,0.573240098,0.007069473,0.004079378
2013,THA,354366.96,0.52049294,0.005483563,0.003464111
2014,THA,430426.61,0.512458497,0.006372748,0.004088231
2015,THA,348798.01,0.512048736,0.005244231,0.003389208
2016,THA,432956.1795,0.536272489,0.006268886,0.003833701
2017,THA,548795.41,0.54217955,0.006507971,0.003951126
2018,THA,500741.03,0.531023028,0.006826437,0.004201277
2019,THA,569228.32,0.554685744,0.006530427,0.003903098
2020,THA,543164.6,0.571129294,0.005330305,0.003091539
2021,THA,390776,0.558393864,0.00404885,0.002255675
1999,TUR,112715.84,0.660746132,0.003285065,0.001505002
2000,TUR,69710.92,0.735615216,0.002235543,7.57E-04
2001,TUR,48387.99,0.704216531,0.001789692,6.76E-04
2002,TUR,36043.97,0.68302932,0.001577547,6.47E-04
2003,TUR,68379,0.679072211,0.002186469,9.23E-04
2004,TUR,98298,0.662765988,0.002648402,0.001178028
2005,TUR,159997.2,0.6227997,0.003801543,0.001924658
2006,TUR,160875.11,0.646135804,0.003103529,0.001486972
2007,TUR,284530.84,0.638699568,0.004544064,0.002346941
2008,TUR,117584.35,0.662472523,0.00354895,0.001685354
2009,TUR,231676.45,0.682526072,0.004843259,0.002229185
2010,TUR,302443.14,0.6998345,0.005494605,0.002400566
2011,TUR,197074.46,0.673809122,0.004117697,0.00186597
2012,TUR,315197.53,0.676490563,0.005717112,0.002500846
2013,TUR,195745.52,0.622493699,0.003029015,0.001506467
2014,TUR,219762.56,0.596194216,0.003253729,0.001728825
2015,TUR,188861.89,0.510566741,0.002839567,0.001840711
2016,TUR,171764.9371,0.628272896,0.002487029,0.001219187
2017,TUR,227511.82,0.626604584,0.002697982,0.001335944
2018,TUR,149263.56,0.693081443,0.002034861,8.20E-04
2019,TUR,184966.06,0.717226494,0.002122009,8.05E-04
2020,TUR,237473.62,0.742871611,0.00233043,8.10E-04
2021,TUR,114925,0.698650094,0.001190744,4.53E-04
1999,TWN,295700,0.178236199,0.008618077,0.009563693
2000,TWN,177465,0.161631779,0.005691083,0.006113548
2001,TWN,235354,0.436914064,0.008704871,0.0062614
2002,TWN,189974,0.307117054,0.00831465,0.007454954
2003,TWN,281271,0.252537717,0.008993849,0.008839669
2004,TWN,332316,0.21602217,0.00895345,0.009258374
2005,TWN,350929,0.210519506,0.008338094,0.008835471
2006,TWN,436709,0.195734768,0.008424791,0.009174209
2007,TWN,488179,0.222030011,0.007796402,0.008670542
2008,TWN,270574,0.241246687,0.008166509,0.008718046
2009,TWN,464418,0.238914365,0.009708785,0.010712693
2010,TWN,570170,0.24400956,0.010358506,0.011398031
2011,TWN,462655,0.408666074,0.009666768,0.007941317
2012,TWN,527515,0.441097653,0.009568166,0.007230827
2013,TWN,577464,0.414761367,0.008935823,0.006889719
2014,TWN,620747,0.405381633,0.009190566,0.007190807
2015,TWN,546380,0.397925947,0.008214906,0.006550771
2016,TWN,627508,0.381954929,0.009085852,0.00740544
2017,TWN,786586,0.376849086,0.009327846,0.007708229
2018,TWN,705885,0.391829097,0.009623097,0.007680266
2019,TWN,907437,0.376473895,0.0104105,0.008712193
2020,TWN,1209986,0.377666316,0.011874107,0.009993566
2021,TWN,1542688,0.354081995,0.015983867,0.013024741
1999,USA,15061370,0.128459975,0.438958583,0.516629372
2000,USA,15107751,0.099071406,0.484486859,0.559288601
2001,USA,13983666,0.101920082,0.51720393,0.593350324
2002,USA,11054430,0.109275454,0.483822591,0.557661551
2003,USA,14266265.65,0.110547866,0.456174443,0.533524848
2004,USA,16323726.33,0.110940817,0.439803265,0.515738644
2005,USA,17000864.47,0.113484704,0.403941546,0.480647053
2006,USA,19568972.5,0.112161931,0.377515688,0.453815159
2007,USA,19922279.82,0.111448547,0.318166296,0.404134485
2008,USA,11590277.78,0.105521539,0.349819662,0.440246833
2009,USA,15077285.74,0.115018063,0.315194773,0.404402345
2010,USA,17283451.68,0.112591,0.313995374,0.405567793
2011,USA,15640707.04,0.059192575,0.326798787,0.427129504
2012,USA,18668333.21,0.059217948,0.338609726,0.430736621
2013,USA,24034853.52,0.059155136,0.371921367,0.461002333
2014,USA,26330589.19,0.057025693,0.389841611,0.483710054
2015,USA,25067539.6,0.062918421,0.376894256,0.467774817
2016,USA,27352200.72,0.064652858,0.396039668,0.48851347
2017,USA,32120702.65,0.064880551,0.380908071,0.472353687
2018,USA,30436313.05,0.065049353,0.414928206,0.509093311
2019,USA,33890827.8,0.061015869,0.388809875,0.49000082
2020,USA,40719661.4,0.074985997,0.399599335,0.499884065
2021,USA,48964510,0.066830923,0.507323724,0.597248898
1999,ZAF,259739.34,0.447071893,0.007570016,0.00565241
2000,ZAF,204300.79,0.457944868,0.006551673,0.004550502
2001,ZAF,147471.53,0.464118238,0.005454425,0.003733811
2002,ZAF,181998.39,0.428292141,0.007965579,0.005892948
2003,ZAF,260748.27,0.409164511,0.00833762,0.006477535
2004,ZAF,442519.7,0.382682113,0.011922621,0.009707808
2005,ZAF,549310.31,0.377678217,0.013051645,0.01090189
2006,ZAF,711232.32,0.373875132,0.013720769,0.011631873
2007,ZAF,828185.32,0.365712478,0.013226431,0.011992728
2008,ZAF,482699.98,0.407305849,0.01456893,0.012148997
2009,ZAF,799023.75,0.406046179,0.01670381,0.014383629
2010,ZAF,925007.15,0.391029141,0.016804975,0.014895351
2011,ZAF,789037.13,0.330473082,0.016486235,0.015334441
2012,ZAF,907723.2,0.296833693,0.016464454,0.015654122
2013,ZAF,942812.11,0.266276789,0.014589312,0.01410266
2014,ZAF,933930.7,0.263072349,0.013827455,0.013408006
2015,ZAF,735945.17,0.24291312,0.011065047,0.011095296
2016,ZAF,951320.3286,0.252707592,0.013774416,0.013574655
2017,ZAF,1230977.19,0.226318099,0.014597724,0.014977096
2018,ZAF,865327.65,0.233046986,0.011796726,0.011873151
2019,ZAF,1056341.44,0.261238692,0.012118795,0.012016136
2020,ZAF,1051528.63,0.281757089,0.010319097,0.010023267
2021,ZAF,404010,0.255347436,0.004185968,0.003932416
